checked_at,passed,failed_step,needpedia_commit,run_url,last_passed_at
2026-10-01T17:15:50Z,false,build,26563af13a08bda0ab93b51d600bafc822b7b749,https://github.com/eberechi10/needpedia-build-check/actions/runs/36898058138,
2026-10-01T17:44:35Z,false,build,26563af13a08bda0ab93b51d600bafc822b7b749,https://github.com/eberechi10/needpedia-build-check/actions/runs/36901569158,
2026-10-02T14:01:51Z,false,database,d9ba5e9763fd10aa78739beed6a0cddeb737ab71,https://github.com/eberechi10/needpedia-build-check/actions/runs/37016555044,
2026-10-02T19:34:47Z,true,,d9ba5e9763fd10aa78739beed6a0cddeb737ab71,https://github.com/eberechi10/needpedia-build-check/actions/runs/37054521585,2026-10-02T19:34:47Z
2026-10-02T23:23:37Z,true,,d9ba5e9763fd10aa78739beed6a0cddeb737ab71,https://github.com/eberechi10/needpedia-build-check/actions/runs/37076970317,2026-10-02T23:23:37Z
2026-10-03T12:42:34Z,true,,d9ba5e9763fd10aa78739beed6a0cddeb737ab71,https://github.com/eberechi10/needpedia-build-check/actions/runs/37123470120,2026-10-03T12:42:34Z
2026-10-04T13:20:50Z,true,,d9ba5e9763fd10aa78739beed6a0cddeb737ab71,https://github.com/eberechi10/needpedia-build-check/actions/runs/37205088827,2026-10-04T13:20:50Z
2026-10-05T16:14:33Z,true,,d9ba5e9763fd10aa78739beed6a0cddeb737ab71,https://github.com/eberechi10/needpedia-build-check/actions/runs/37338689847,2026-10-05T16:14:33Z
2026-10-06T14:20:10Z,true,,d9ba5e9763fd10aa78739beed6a0cddeb737ab71,https://github.com/eberechi10/needpedia-build-check/actions/runs/37477575344,2026-10-06T14:20:10Z
2026-10-07T14:40:06Z,true,,d9ba5e9763fd10aa78739beed6a0cddeb737ab71,https://github.com/eberechi10/needpedia-build-check/actions/runs/37637992650,2026-10-07T14:40:06Z
2026-10-08T14:44:53Z,true,,d9ba5e9763fd10aa78739beed6a0cddeb737ab71,https://github.com/eberechi10/needpedia-build-check/actions/runs/37794334964,2026-10-08T14:44:53Z
2026-10-09T14:30:30Z,true,,d9ba5e9763fd10aa78739beed6a0cddeb737ab71,https://github.com/eberechi10/needpedia-build-check/actions/runs/37944100984,2026-10-09T14:30:30Z
2026-10-10T13:54:27Z,true,,d9ba5e9763fd10aa78739beed6a0cddeb737ab71,https://github.com/eberechi10/needpedia-build-check/actions/runs/38057247284,2026-10-10T13:54:27Z
